,function_type,total_emissions,total_cost
0,linear,7427.503934359908,895499.058193715
1,quadratic,9800.025586239488,935269.8574254214
2,exponential,1006.9831299369428,786492.9851591695
3,logarithmic,2378.594426809628,808903.0701959264
